{"scale":1568.3554147786454,"translate":[-1866.196973946,994.8083201224555]}